{"_runtime":1103.549242923,"avg_steps":0.279296875,"_step":15,"avg_len":6229.486328125,"iteration_time":71.39936113357544,"_timestamp":1.7436823863373857e+09,"prompt_len":2629.30859375,"std_len":2248.761962890625,"batch_idx":15,"_wandb":{"runtime":1103}}