{"_runtime":2265.601736048,"iteration_time":162.30990648269653,"avg_len":26396.1796875,"_wandb":{"runtime":2265},"std_len":19594.076171875,"prompt_len":2644.8125,"avg_steps":0.84375,"batch_idx":15,"_step":15,"_timestamp":1.7436923653974192e+09}