{"prompt_len":2067.314453125,"batch_idx":15,"avg_steps":0.443359375,"avg_len":5178.2109375,"std_len":2213.573486328125,"_runtime":1154.44004756,"iteration_time":64.06455969810486,"_step":15,"_wandb":{"runtime":1154},"_timestamp":1.743683549344265e+09}