{"avg_len":13430.5625,"avg_steps":0.953125,"prompt_len":2017.046875,"_timestamp":1.7436886962358983e+09,"_runtime":2130.50173965,"_wandb":{"runtime":2130},"std_len":15773.697265625,"_step":15,"batch_idx":15,"iteration_time":123.35519981384277}