{"_runtime":377.523513022,"_step":7,"var_len":1.1017308e+07,"avg_len":4178.671875,"prompt_len":1566.296875,"_wandb":{"runtime":377},"iteration_time":42.36096215248108,"_timestamp":1.7436750049529095e+09,"avg_steps":61.9921875,"batch_idx":7}