{"_timestamp":1.743679799477986e+09,"_runtime":984.098550112,"batch_idx":15,"_wandb":{"runtime":984},"_step":15,"avg_steps":0.384765625,"std_len":1927.4534912109375,"iteration_time":66.87408709526062,"avg_len":5193.5390625,"prompt_len":1955.83203125}