{"_timestamp":1.7436929341875618e+09,"iteration_time":237.07067704200745,"avg_steps":0.8203125,"prompt_len":2644.8125,"_step":15,"batch_idx":15,"std_len":20264.634765625,"_wandb":{"runtime":2789},"_runtime":2789.587698926,"avg_len":29638.5390625}