{"_wandb":{"runtime":594},"_timestamp":1.743686371489827e+09,"iteration_time":206.39724731445312,"_step":1,"std_len":9976.017578125,"avg_steps":0.77734375,"_runtime":594.624873472,"batch_idx":1,"prompt_len":2121.515625,"avg_len":11407.18359375}