{"std_len":20615.474609375,"_timestamp":1.7436893811996193e+09,"iteration_time":175.21200585365295,"batch_idx":15,"_step":15,"avg_len":30076.7890625,"_runtime":2086.692455461,"prompt_len":2644.8125,"avg_steps":0.8125,"_wandb":{"runtime":2086}}